MR-009,40x30x10,5,2024-09-16 00:26:41
PL-014,40x20x10,5,2024-09-16 00:26:41
BR-178,30x30x5,1,2024-09-16 00:26:41
FE-213,40x20x10,1,2024-09-16 00:26:41
AZ-011,40x25x10,1,2024-09-16 00:26:41
PL-013,30x20x5,3,2024-09-16 00:39:45
PL-025,40x30x20,1,2024-09-16 00:39:45
FE-213,40x20x10,4,2024-09-16 00:39:45
MG-008,50x20x20,2,2024-09-16 00:39:45
PL-013,30x20x5,5,2024-09-16 00:41:22
GT-243,30x10x10,1,2024-09-16 00:41:22
MR-009,40x30x10,5,2024-09-16 00:41:22
AZ-011,40x25x10,2,2024-09-16 00:41:22
AZ-011,40x25x10,2,2024-09-16 00:51:17
BR-178,30x30x5,4,2024-09-16 00:51:17
WM-774,20x20x10,1,2024-09-16 00:51:17
MR-009,40x30x10,5,2024-09-16 00:51:17
PL-014,40x20x10,2,2024-09-16 01:25:38
PL-013,30x20x5,4,2024-09-16 01:25:38
MR-009,40x30x10,4,2024-09-16 01:25:38
MG-008,50x20x20,5,2024-09-16 01:25:38
BP-896,30x20x10,1,2024-09-16 01:25:38
BR-178,30x30x5,1,2024-09-16 02:02:46
AZ-011,40x25x10,3,2024-09-16 02:02:46
DG-324,25x25x20,2,2024-09-16 02:02:46
BP-896,30x20x10,3,2024-09-16 02:02:46
FE-213,40x20x10,4,2024-09-16 02:02:46
GT-243,30x10x10,2,2024-09-16 02:14:28
LV-337,25x25x10,1,2024-09-16 02:14:28
BR-178,30x30x5,5,2024-09-16 02:14:28
PL-014,40x20x10,3,2024-09-16 02:14:28
WM-774,20x20x10,5,2024-09-16 02:14:28
AZ-011,40x25x10,5,2024-09-16 02:26:22
LV-337,25x25x10,1,2024-09-16 02:26:22
BR-178,30x30x5,1,2024-09-16 02:26:22
DG-324,25x25x20,1,2024-09-16 02:26:22
PL-014,40x20x10,3,2024-09-16 02:26:22
BP-896,30x20x10,1,2024-09-16 04:30:30
GK-874,25x10x5,5,2024-09-16 04:30:30
MR-009,40x30x10,3,2024-09-16 04:30:30
PL-025,40x30x20,1,2024-09-16 04:47:22
BP-896,30x20x10,1,2024-09-16 04:47:22
GT-243,30x10x10,3,2024-09-16 04:47:22
BP-896,30x20x10,3,2024-09-16 09:40:26
LV-337,25x25x10,3,2024-09-16 09:40:26
FE-213,40x20x10,2,2024-09-16 09:40:26
GK-874,25x10x5,3,2024-09-16 09:40:26
LV-337,25x25x10,3,2024-09-16 10:16:20
PL-025,40x30x20,3,2024-09-16 10:16:20
PL-014,40x20x10,3,2024-09-16 10:16:20
MR-009,40x30x10,4,2024-09-16 10:35:33
BR-178,30x30x5,3,2024-09-16 10:35:33
PL-013,30x20x5,3,2024-09-16 10:35:33
MG-008,50x20x20,4,2024-09-16 10:35:33
MG-008,50x20x20,4,2024-09-16 11:40:30
GT-243,30x10x10,2,2024-09-16 11:40:30
FL-643,20x20x5,4,2024-09-16 11:40:30
BR-178,30x30x5,1,2024-09-16 11:40:30
PL-013,30x20x5,2,2024-09-16 11:42:44
WM-774,20x20x10,2,2024-09-16 11:42:44
FL-643,20x20x5,3,2024-09-16 11:42:44
PL-025,40x30x20,4,2024-09-16 11:42:44
DG-324,25x25x20,1,2024-09-16 11:42:44
GK-874,25x10x5,3,2024-09-16 12:57:30
FL-643,20x20x5,1,2024-09-16 12:57:30
WM-774,20x20x10,5,2024-09-16 12:57:30
PL-014,40x20x10,4,2024-09-16 12:57:30
BR-178,30x30x5,1,2024-09-16 12:57:30
LV-337,25x25x10,4,2024-09-16 13:09:52
MR-009,40x30x10,4,2024-09-16 13:09:52
FL-643,20x20x5,1,2024-09-16 13:09:52
PL-014,40x20x10,1,2024-09-16 13:34:58
GK-874,25x10x5,4,2024-09-16 13:34:58
MR-009,40x30x10,5,2024-09-16 13:34:58
GT-243,30x10x10,1,2024-09-16 13:34:58
LV-337,25x25x10,3,2024-09-16 13:34:58
FE-213,40x20x10,2,2024-09-16 13:38:41
GK-874,25x10x5,3,2024-09-16 13:38:41
PL-025,40x30x20,3,2024-09-16 13:38:41
MR-009,40x30x10,5,2024-09-16 13:38:41
GK-874,25x10x5,5,2024-09-16 14:15:53
PL-013,30x20x5,5,2024-09-16 14:15:53
DG-324,25x25x20,4,2024-09-16 14:15:53
WM-774,20x20x10,4,2024-09-16 14:15:53
FE-213,40x20x10,1,2024-09-16 14:35:50
PL-025,40x30x20,2,2024-09-16 14:35:50
GT-243,30x10x10,1,2024-09-16 14:35:50
MG-008,50x20x20,3,2024-09-16 15:08:41
WM-774,20x20x10,5,2024-09-16 15:08:41
DG-324,25x25x20,3,2024-09-16 15:08:41
LV-337,25x25x10,4,2024-09-16 15:19:09
BP-896,30x20x10,1,2024-09-16 15:19:09
PL-014,40x20x10,4,2024-09-16 15:19:09
AZ-011,40x25x10,4,2024-09-16 15:19:09
DG-324,25x25x20,1,2024-09-16 15:19:09
GT-243,30x10x10,5,2024-09-16 15:28:01
MR-009,40x30x10,3,2024-09-16 15:28:01
PL-025,40x30x20,4,2024-09-16 15:28:01
GT-243,30x10x10,2,2024-09-16 15:38:17
FE-213,40x20x10,3,2024-09-16 15:38:17
FL-643,20x20x5,3,2024-09-16 15:38:17
AZ-011,40x25x10,4,2024-09-16 15:38:17
PL-025,40x30x20,3,2024-09-16 16:14:37
FL-643,20x20x5,1,2024-09-16 16:14:37
LV-337,25x25x10,3,2024-09-16 16:14:37
MG-008,50x20x20,5,2024-09-16 16:14:37
AZ-011,40x25x10,1,2024-09-16 16:14:37
BR-178,30x30x5,2,2024-09-16 16:23:42
BP-896,30x20x10,2,2024-09-16 16:23:42
MG-008,50x20x20,2,2024-09-16 16:23:42
PL-014,40x20x10,3,2024-09-16 16:23:42
LV-337,25x25x10,4,2024-09-16 16:26:57
PL-025,40x30x20,4,2024-09-16 16:26:57
DG-324,25x25x20,2,2024-09-16 16:26:57
WM-774,20x20x10,5,2024-09-16 16:26:57
PL-014,40x20x10,1,2024-09-16 16:26:57
MR-009,40x30x10,4,2024-09-16 16:55:31
GT-243,30x10x10,2,2024-09-16 16:55:31
DG-324,25x25x20,5,2024-09-16 16:55:31
PL-014,40x20x10,2,2024-09-16 19:58:09
BR-178,30x30x5,1,2024-09-16 19:58:09
MG-008,50x20x20,3,2024-09-16 19:58:09
WM-774,20x20x10,2,2024-09-16 19:58:09
AZ-011,40x25x10,5,2024-09-16 19:58:09
AZ-011,40x25x10,1,2024-09-16 20:12:31
FL-643,20x20x5,2,2024-09-16 20:12:31
PL-025,40x30x20,1,2024-09-16 20:12:31
PL-013,30x20x5,2,2024-09-16 20:12:31
DG-324,25x25x20,3,2024-09-16 20:17:42
GK-874,25x10x5,1,2024-09-16 20:17:42
WM-774,20x20x10,5,2024-09-16 20:17:42
MG-008,50x20x20,3,2024-09-16 20:17:42
BR-178,30x30x5,5,2024-09-16 20:17:42
PL-025,40x30x20,4,2024-09-16 20:21:37
PL-013,30x20x5,2,2024-09-16 20:21:37
MR-009,40x30x10,4,2024-09-16 20:21:37
FE-213,40x20x10,5,2024-09-16 20:21:37
BR-178,30x30x5,5,2024-09-16 20:21:37
GT-243,30x10x10,1,2024-09-16 21:02:32
WM-774,20x20x10,5,2024-09-16 21:02:32
BP-896,30x20x10,3,2024-09-16 21:02:32
GK-874,25x10x5,4,2024-09-16 21:02:32
FE-213,40x20x10,2,2024-09-16 21:09:47
FL-643,20x20x5,5,2024-09-16 21:09:47
GK-874,25x10x5,5,2024-09-16 21:09:47
GT-243,30x10x10,4,2024-09-16 21:09:47
MR-009,40x30x10,2,2024-09-16 22:48:39
DG-324,25x25x20,1,2024-09-16 22:48:39
PL-013,30x20x5,2,2024-09-16 22:48:39
FL-643,20x20x5,2,2024-09-16 22:48:39
MG-008,50x20x20,2,2024-09-16 22:48:39
GT-243,30x10x10,3,2024-09-16 22:55:52
PL-025,40x30x20,5,2024-09-16 22:55:52
MG-008,50x20x20,3,2024-09-16 22:55:52
DG-324,25x25x20,4,2024-09-16 22:55:52
PL-014,40x20x10,3,2024-09-16 22:55:52
BP-896,30x20x10,1,2024-09-16 23:28:24
GT-243,30x10x10,3,2024-09-16 23:28:24
FL-643,20x20x5,1,2024-09-16 23:28:24
WM-774,20x20x10,3,2024-09-16 23:28:24
MR-009,40x30x10,3,2024-09-16 23:28:24
PL-013,30x20x5,1,2024-09-17 00:06:44
GT-243,30x10x10,1,2024-09-17 00:06:44
MR-009,40x30x10,3,2024-09-17 00:06:44
PL-025,40x30x20,5,2024-09-17 00:06:44
MG-008,50x20x20,3,2024-09-17 00:06:44
GK-874,25x10x5,5,2024-09-17 00:16:23
PL-014,40x20x10,3,2024-09-17 00:16:23
FL-643,20x20x5,2,2024-09-17 00:16:23
FL-643,20x20x5,1,2024-09-17 01:17:14
PL-025,40x30x20,4,2024-09-17 01:17:14
PL-013,30x20x5,2,2024-09-17 01:17:14
PL-013,30x20x5,2,2024-09-17 01:56:18
GT-243,30x10x10,1,2024-09-17 01:56:18
FE-213,40x20x10,3,2024-09-17 01:56:18
AZ-011,40x25x10,1,2024-09-17 01:56:18
PL-013,30x20x5,1,2024-09-17 02:14:35
MR-009,40x30x10,5,2024-09-17 02:14:35
FE-213,40x20x10,5,2024-09-17 02:14:35
MG-008,50x20x20,3,2024-09-17 02:20:54
BP-896,30x20x10,2,2024-09-17 02:20:54
PL-025,40x30x20,4,2024-09-17 02:20:54
LV-337,25x25x10,1,2024-09-17 02:20:54
PL-013,30x20x5,2,2024-09-17 03:06:00
GT-243,30x10x10,4,2024-09-17 03:06:00
PL-014,40x20x10,5,2024-09-17 03:06:00
AZ-011,40x25x10,1,2024-09-17 03:06:00
MR-009,40x30x10,1,2024-09-17 04:20:58
PL-025,40x30x20,4,2024-09-17 04:20:58
FE-213,40x20x10,1,2024-09-17 04:20:58
PL-014,40x20x10,3,2024-09-17 04:20:58
DG-324,25x25x20,1,2024-09-17 04:20:58
PL-014,40x20x10,4,2024-09-17 04:37:52
FL-643,20x20x5,1,2024-09-17 04:37:52
WM-774,20x20x10,2,2024-09-17 04:37:52
DG-324,25x25x20,4,2024-09-17 05:00:47
PL-014,40x20x10,3,2024-09-17 05:00:47
PL-013,30x20x5,3,2024-09-17 05:00:47
BR-178,30x30x5,2,2024-09-17 05:18:04
MG-008,50x20x20,2,2024-09-17 05:18:04
DG-324,25x25x20,1,2024-09-17 05:18:04
PL-013,30x20x5,4,2024-09-17 05:18:04
GT-243,30x10x10,4,2024-09-17 05:18:04
FE-213,40x20x10,5,2024-09-17 07:02:24
PL-013,30x20x5,4,2024-09-17 07:02:24
BR-178,30x30x5,2,2024-09-17 07:02:24
DG-324,25x25x20,4,2024-09-17 07:02:24
AZ-011,40x25x10,2,2024-09-17 07:02:24
PL-014,40x20x10,4,2024-09-17 09:18:44
WM-774,20x20x10,2,2024-09-17 09:18:44
LV-337,25x25x10,2,2024-09-17 09:18:44
AZ-011,40x25x10,5,2024-09-17 09:18:44
DG-324,25x25x20,5,2024-09-17 09:18:44
GT-243,30x10x10,5,2024-09-17 09:19:25
PL-014,40x20x10,1,2024-09-17 09:19:25
BR-178,30x30x5,2,2024-09-17 09:19:25
MG-008,50x20x20,4,2024-09-17 09:19:25
FL-643,20x20x5,3,2024-09-17 09:28:02
LV-337,25x25x10,2,2024-09-17 09:28:02
MR-009,40x30x10,5,2024-09-17 09:28:02
MG-008,50x20x20,1,2024-09-17 09:28:02
GK-874,25x10x5,2,2024-09-17 10:18:42
WM-774,20x20x10,1,2024-09-17 10:18:42
DG-324,25x25x20,2,2024-09-17 10:18:42
WM-774,20x20x10,2,2024-09-17 10:18:57
BP-896,30x20x10,4,2024-09-17 10:18:57
MG-008,50x20x20,4,2024-09-17 10:18:57
BR-178,30x30x5,1,2024-09-17 10:18:57
DG-324,25x25x20,4,2024-09-17 11:37:11
BR-178,30x30x5,5,2024-09-17 11:37:11
MR-009,40x30x10,5,2024-09-17 11:37:11
MR-009,40x30x10,1,2024-09-17 12:52:08
WM-774,20x20x10,3,2024-09-17 12:52:08
PL-013,30x20x5,3,2024-09-17 12:52:08
GT-243,30x10x10,2,2024-09-17 12:59:08
AZ-011,40x25x10,2,2024-09-17 12:59:08
PL-013,30x20x5,2,2024-09-17 12:59:08
MR-009,40x30x10,4,2024-09-17 13:46:04
WM-774,20x20x10,1,2024-09-17 13:46:04
BR-178,30x30x5,3,2024-09-17 13:46:04
AZ-011,40x25x10,1,2024-09-17 13:46:04
FL-643,20x20x5,3,2024-09-17 13:53:18
LV-337,25x25x10,4,2024-09-17 13:53:18
FE-213,40x20x10,5,2024-09-17 13:53:18
AZ-011,40x25x10,5,2024-09-17 14:41:56
BP-896,30x20x10,4,2024-09-17 14:41:56
PL-013,30x20x5,1,2024-09-17 14:41:56
DG-324,25x25x20,3,2024-09-17 14:41:56
DG-324,25x25x20,3,2024-09-17 14:50:12
PL-013,30x20x5,1,2024-09-17 14:50:12
BP-896,30x20x10,1,2024-09-17 14:50:12
AZ-011,40x25x10,4,2024-09-17 14:50:12
LV-337,25x25x10,1,2024-09-17 14:50:12
MG-008,50x20x20,1,2024-09-17 15:22:13
FL-643,20x20x5,4,2024-09-17 15:22:13
BP-896,30x20x10,3,2024-09-17 15:22:13
PL-014,40x20x10,4,2024-09-17 15:42:03
LV-337,25x25x10,1,2024-09-17 15:42:03
PL-013,30x20x5,3,2024-09-17 15:42:03
AZ-011,40x25x10,5,2024-09-17 15:42:03
BP-896,30x20x10,2,2024-09-17 15:42:03
GK-874,25x10x5,3,2024-09-17 15:50:54
MR-009,40x30x10,2,2024-09-17 15:50:54
DG-324,25x25x20,1,2024-09-17 15:50:54
PL-025,40x30x20,3,2024-09-17 15:50:54
WM-774,20x20x10,2,2024-09-17 15:50:54
PL-013,30x20x5,4,2024-09-17 16:40:31
MG-008,50x20x20,2,2024-09-17 16:40:31
FE-213,40x20x10,4,2024-09-17 16:40:31
DG-324,25x25x20,2,2024-09-17 16:40:31
FE-213,40x20x10,2,2024-09-17 16:47:31
MR-009,40x30x10,1,2024-09-17 16:47:31
PL-014,40x20x10,2,2024-09-17 16:47:31
BP-896,30x20x10,3,2024-09-17 16:47:31
FL-643,20x20x5,3,2024-09-17 16:47:31
AZ-011,40x25x10,1,2024-09-17 16:57:36
WM-774,20x20x10,1,2024-09-17 16:57:36
FL-643,20x20x5,2,2024-09-17 16:57:36
LV-337,25x25x10,4,2024-09-17 16:57:36
DG-324,25x25x20,3,2024-09-17 16:57:36
LV-337,25x25x10,3,2024-09-17 17:07:47
PL-014,40x20x10,2,2024-09-17 17:07:47
GT-243,30x10x10,2,2024-09-17 17:07:47
MR-009,40x30x10,5,2024-09-17 17:13:32
BR-178,30x30x5,4,2024-09-17 17:13:32
WM-774,20x20x10,4,2024-09-17 17:13:32
GK-874,25x10x5,4,2024-09-17 17:18:48
PL-013,30x20x5,2,2024-09-17 17:18:48
PL-025,40x30x20,4,2024-09-17 17:18:48
MG-008,50x20x20,2,2024-09-17 17:18:48
GT-243,30x10x10,1,2024-09-17 17:18:48
MR-009,40x30x10,1,2024-09-17 17:51:01
WM-774,20x20x10,4,2024-09-17 17:51:01
LV-337,25x25x10,4,2024-09-17 17:51:01
PL-025,40x30x20,4,2024-09-17 17:51:01
PL-014,40x20x10,2,2024-09-17 17:55:21
FL-643,20x20x5,4,2024-09-17 17:55:21
MG-008,50x20x20,2,2024-09-17 17:55:21
GT-243,30x10x10,4,2024-09-17 17:55:21
PL-025,40x30x20,5,2024-09-17 17:55:21
BR-178,30x30x5,3,2024-09-17 18:02:11
GT-243,30x10x10,2,2024-09-17 18:02:11
PL-013,30x20x5,1,2024-09-17 18:02:11
AZ-011,40x25x10,1,2024-09-17 18:02:11
MG-008,50x20x20,3,2024-09-17 19:06:08
BP-896,30x20x10,3,2024-09-17 19:06:08
GK-874,25x10x5,5,2024-09-17 19:06:08
BP-896,30x20x10,4,2024-09-17 19:22:02
PL-014,40x20x10,2,2024-09-17 19:22:02
GT-243,30x10x10,5,2024-09-17 19:22:02
BP-896,30x20x10,4,2024-09-17 19:24:59
GT-243,30x10x10,4,2024-09-17 19:24:59
DG-324,25x25x20,1,2024-09-17 19:24:59
AZ-011,40x25x10,1,2024-09-17 19:24:59
GT-243,30x10x10,2,2024-09-17 20:24:06
WM-774,20x20x10,4,2024-09-17 20:24:06
PL-013,30x20x5,1,2024-09-17 20:24:06
FE-213,40x20x10,3,2024-09-17 20:55:54
WM-774,20x20x10,5,2024-09-17 20:55:54
MR-009,40x30x10,1,2024-09-17 20:55:54
GT-243,30x10x10,5,2024-09-17 20:55:54
PL-013,30x20x5,1,2024-09-17 21:51:00
FE-213,40x20x10,3,2024-09-17 21:51:00
FL-643,20x20x5,1,2024-09-17 21:51:00
WM-774,20x20x10,3,2024-09-17 21:51:00
MR-009,40x30x10,5,2024-09-17 21:54:46
GK-874,25x10x5,5,2024-09-17 21:54:46
MG-008,50x20x20,1,2024-09-17 21:54:46
GT-243,30x10x10,2,2024-09-17 21:54:46
BR-178,30x30x5,2,2024-09-17 21:54:46
AZ-011,40x25x10,2,2024-09-17 21:58:28
GT-243,30x10x10,2,2024-09-17 21:58:28
LV-337,25x25x10,3,2024-09-17 21:58:28
AZ-011,40x25x10,3,2024-09-17 22:34:07
BR-178,30x30x5,3,2024-09-17 22:34:07
MR-009,40x30x10,2,2024-09-17 22:34:07
PL-013,30x20x5,5,2024-09-17 22:52:48
FL-643,20x20x5,4,2024-09-17 22:52:48
MG-008,50x20x20,1,2024-09-17 22:52:48
FE-213,40x20x10,1,2024-09-17 22:52:48
BR-178,30x30x5,2,2024-09-17 23:03:12
FE-213,40x20x10,3,2024-09-17 23:03:12
FL-643,20x20x5,1,2024-09-17 23:03:12
PL-025,40x30x20,2,2024-09-17 23:03:12
PL-014,40x20x10,5,2024-09-17 23:03:12
DG-324,25x25x20,4,2024-09-17 23:43:46
GK-874,25x10x5,5,2024-09-17 23:43:46
PL-013,30x20x5,2,2024-09-17 23:43:46
PL-025,40x30x20,4,2024-09-17 23:43:46
PL-025,40x30x20,2,2024-09-17 23:44:18
DG-324,25x25x20,4,2024-09-17 23:44:18
MR-009,40x30x10,3,2024-09-17 23:44:18
WM-774,20x20x10,1,2024-09-18 00:55:29
LV-337,25x25x10,5,2024-09-18 00:55:29
AZ-011,40x25x10,5,2024-09-18 00:55:29
GT-243,30x10x10,3,2024-09-18 00:55:29
MR-009,40x30x10,4,2024-09-18 00:55:29
MG-008,50x20x20,5,2024-09-18 02:27:11
DG-324,25x25x20,5,2024-09-18 02:27:11
PL-013,30x20x5,3,2024-09-18 02:27:11
GK-874,25x10x5,1,2024-09-18 02:27:11
GT-243,30x10x10,3,2024-09-18 03:10:41
LV-337,25x25x10,5,2024-09-18 03:10:41
PL-014,40x20x10,3,2024-09-18 03:10:41
GK-874,25x10x5,3,2024-09-18 03:10:41
PL-025,40x30x20,5,2024-09-18 03:15:19
AZ-011,40x25x10,4,2024-09-18 03:15:19
BR-178,30x30x5,2,2024-09-18 03:15:19
PL-014,40x20x10,2,2024-09-18 03:15:19
PL-013,30x20x5,1,2024-09-18 03:21:02
WM-774,20x20x10,3,2024-09-18 03:21:02
BP-896,30x20x10,3,2024-09-18 03:21:02
GT-243,30x10x10,5,2024-09-18 03:21:02
PL-014,40x20x10,3,2024-09-18 03:21:02
FE-213,40x20x10,4,2024-09-18 05:31:21
GK-874,25x10x5,4,2024-09-18 05:31:21
BR-178,30x30x5,2,2024-09-18 05:31:21
AZ-011,40x25x10,4,2024-09-18 05:31:21
MR-009,40x30x10,2,2024-09-18 06:02:12
BP-896,30x20x10,4,2024-09-18 06:02:12
AZ-011,40x25x10,3,2024-09-18 06:02:12
DG-324,25x25x20,4,2024-09-18 06:02:12
BR-178,30x30x5,1,2024-09-18 07:05:13
PL-013,30x20x5,1,2024-09-18 07:05:13
FE-213,40x20x10,3,2024-09-18 07:05:13
PL-014,40x20x10,2,2024-09-18 07:05:13
DG-324,25x25x20,5,2024-09-18 07:08:49
AZ-011,40x25x10,4,2024-09-18 07:08:49
GK-874,25x10x5,4,2024-09-18 07:08:49
PL-014,40x20x10,3,2024-09-18 07:18:24
PL-025,40x30x20,4,2024-09-18 07:18:24
FE-213,40x20x10,1,2024-09-18 07:18:24
BR-178,30x30x5,3,2024-09-18 07:18:24
BP-896,30x20x10,5,2024-09-18 07:18:24
WM-774,20x20x10,5,2024-09-18 08:54:45
PL-025,40x30x20,3,2024-09-18 08:54:45
MR-009,40x30x10,3,2024-09-18 08:54:45
BP-896,30x20x10,1,2024-09-18 09:28:23
PL-025,40x30x20,4,2024-09-18 09:28:23
GK-874,25x10x5,2,2024-09-18 09:28:23
MG-008,50x20x20,3,2024-09-18 09:28:23
WM-774,20x20x10,3,2024-09-18 12:38:51
GT-243,30x10x10,3,2024-09-18 12:38:51
MR-009,40x30x10,2,2024-09-18 12:38:51
LV-337,25x25x10,4,2024-09-18 13:15:57
GK-874,25x10x5,3,2024-09-18 13:15:57
FE-213,40x20x10,3,2024-09-18 13:15:57
PL-025,40x30x20,5,2024-09-18 13:15:57
FL-643,20x20x5,3,2024-09-18 13:19:34
BR-178,30x30x5,5,2024-09-18 13:19:34
WM-774,20x20x10,1,2024-09-18 13:19:34
MR-009,40x30x10,3,2024-09-18 13:26:59
LV-337,25x25x10,2,2024-09-18 13:26:59
MG-008,50x20x20,3,2024-09-18 13:26:59
BR-178,30x30x5,2,2024-09-18 13:26:59
PL-013,30x20x5,3,2024-09-18 13:26:59
PL-013,30x20x5,1,2024-09-18 14:19:45
FE-213,40x20x10,5,2024-09-18 14:19:45
AZ-011,40x25x10,4,2024-09-18 14:19:45
GT-243,30x10x10,5,2024-09-18 15:05:00
LV-337,25x25x10,4,2024-09-18 15:05:00
DG-324,25x25x20,5,2024-09-18 15:05:00
BR-178,30x30x5,3,2024-09-18 15:05:00
MR-009,40x30x10,1,2024-09-18 15:05:00
AZ-011,40x25x10,3,2024-09-18 15:37:16
WM-774,20x20x10,2,2024-09-18 15:37:16
MR-009,40x30x10,5,2024-09-18 15:37:16
DG-324,25x25x20,4,2024-09-18 15:37:16
PL-013,30x20x5,4,2024-09-18 16:10:26
BP-896,30x20x10,4,2024-09-18 16:10:26
MG-008,50x20x20,1,2024-09-18 16:10:26
FL-643,20x20x5,3,2024-09-18 16:33:57
WM-774,20x20x10,3,2024-09-18 16:33:57
FE-213,40x20x10,3,2024-09-18 16:33:57
PL-014,40x20x10,3,2024-09-18 17:26:59
BR-178,30x30x5,2,2024-09-18 17:26:59
FE-213,40x20x10,1,2024-09-18 17:26:59
MG-008,50x20x20,5,2024-09-18 17:26:59
GT-243,30x10x10,3,2024-09-18 17:26:59
BP-896,30x20x10,2,2024-09-18 20:40:30
MR-009,40x30x10,3,2024-09-18 20:40:30
BR-178,30x30x5,2,2024-09-18 20:40:30
PL-025,40x30x20,4,2024-09-18 21:09:32
AZ-011,40x25x10,5,2024-09-18 21:09:32
GT-243,30x10x10,2,2024-09-18 21:09:32
BR-178,30x30x5,1,2024-09-18 21:09:32
PL-025,40x30x20,2,2024-09-18 21:29:23
FE-213,40x20x10,2,2024-09-18 21:29:23
WM-774,20x20x10,1,2024-09-18 21:29:23
AZ-011,40x25x10,2,2024-09-18 21:29:23
PL-013,30x20x5,4,2024-09-18 21:29:23
AZ-011,40x25x10,5,2024-09-18 22:10:09
WM-774,20x20x10,3,2024-09-18 22:10:09
BR-178,30x30x5,5,2024-09-18 22:10:09
MG-008,50x20x20,2,2024-09-18 22:10:09
GT-243,30x10x10,1,2024-09-18 22:14:17
FE-213,40x20x10,4,2024-09-18 22:14:17
PL-025,40x30x20,1,2024-09-18 22:14:17
BP-896,30x20x10,4,2024-09-18 22:14:17
PL-025,40x30x20,5,2024-09-18 22:46:44
LV-337,25x25x10,2,2024-09-18 22:46:44
MR-009,40x30x10,3,2024-09-18 22:46:44
FL-643,20x20x5,1,2024-09-18 22:47:03
WM-774,20x20x10,1,2024-09-18 22:47:03
FE-213,40x20x10,4,2024-09-18 22:47:03
PL-013,30x20x5,3,2024-09-18 22:47:03
LV-337,25x25x10,1,2024-09-18 22:47:03
PL-013,30x20x5,2,2024-09-18 22:55:37
PL-025,40x30x20,5,2024-09-18 22:55:37
BR-178,30x30x5,4,2024-09-18 22:55:37
PL-013,30x20x5,5,2024-09-18 23:35:33
DG-324,25x25x20,1,2024-09-18 23:35:33
MG-008,50x20x20,5,2024-09-18 23:35:33
GK-874,25x10x5,5,2024-09-18 23:35:33
PL-025,40x30x20,5,2024-09-19 01:07:51
MG-008,50x20x20,1,2024-09-19 01:07:51
PL-013,30x20x5,1,2024-09-19 01:07:51
GT-243,30x10x10,2,2024-09-19 01:07:51
MG-008,50x20x20,1,2024-09-19 01:57:40
PL-025,40x30x20,2,2024-09-19 01:57:40
PL-013,30x20x5,4,2024-09-19 01:57:40
LV-337,25x25x10,4,2024-09-19 01:57:40
WM-774,20x20x10,3,2024-09-19 01:57:40
BP-896,30x20x10,2,2024-09-19 02:49:26
BR-178,30x30x5,2,2024-09-19 02:49:26
PL-014,40x20x10,1,2024-09-19 02:49:26
WM-774,20x20x10,2,2024-09-19 02:49:26
MR-009,40x30x10,2,2024-09-19 02:49:26
BP-896,30x20x10,4,2024-09-19 04:04:57
DG-324,25x25x20,3,2024-09-19 04:04:57
FE-213,40x20x10,1,2024-09-19 04:04:57
PL-013,30x20x5,4,2024-09-19 04:04:57
PL-013,30x20x5,5,2024-09-19 04:06:22
GK-874,25x10x5,3,2024-09-19 04:06:22
PL-025,40x30x20,1,2024-09-19 04:06:22
MR-009,40x30x10,4,2024-09-19 04:17:52
PL-025,40x30x20,4,2024-09-19 04:17:52
GT-243,30x10x10,1,2024-09-19 04:17:52
BR-178,30x30x5,5,2024-09-19 04:17:52
WM-774,20x20x10,5,2024-09-19 04:17:52
GT-243,30x10x10,1,2024-09-19 06:24:44
MR-009,40x30x10,1,2024-09-19 06:24:44
PL-014,40x20x10,1,2024-09-19 06:24:44
LV-337,25x25x10,3,2024-09-19 06:24:44
GK-874,25x10x5,3,2024-09-19 06:53:53
FE-213,40x20x10,3,2024-09-19 06:53:53
FL-643,20x20x5,1,2024-09-19 06:53:53
GT-243,30x10x10,5,2024-09-19 06:53:53
MR-009,40x30x10,2,2024-09-19 06:53:53
PL-014,40x20x10,5,2024-09-19 07:01:43
FE-213,40x20x10,1,2024-09-19 07:01:43
LV-337,25x25x10,4,2024-09-19 07:01:43
WM-774,20x20x10,4,2024-09-19 07:01:43
LV-337,25x25x10,3,2024-09-19 07:47:04
FL-643,20x20x5,4,2024-09-19 07:47:04
GT-243,30x10x10,1,2024-09-19 07:47:04
FE-213,40x20x10,3,2024-09-19 07:47:04
PL-013,30x20x5,2,2024-09-19 08:22:53
PL-025,40x30x20,4,2024-09-19 08:22:53
LV-337,25x25x10,1,2024-09-19 08:22:53
FE-213,40x20x10,4,2024-09-19 08:22:53
BR-178,30x30x5,1,2024-09-19 08:22:53
BR-178,30x30x5,4,2024-09-19 09:25:12
BP-896,30x20x10,2,2024-09-19 09:25:12
PL-025,40x30x20,5,2024-09-19 09:25:12
PL-013,30x20x5,2,2024-09-19 09:28:01
GT-243,30x10x10,3,2024-09-19 09:28:01
FE-213,40x20x10,1,2024-09-19 09:28:01
PL-013,30x20x5,1,2024-09-19 09:42:08
MG-008,50x20x20,3,2024-09-19 09:42:08
AZ-011,40x25x10,5,2024-09-19 09:42:08
FE-213,40x20x10,2,2024-09-19 09:42:08
FL-643,20x20x5,5,2024-09-19 09:44:18
LV-337,25x25x10,3,2024-09-19 09:44:18
PL-025,40x30x20,2,2024-09-19 09:44:18
PL-014,40x20x10,1,2024-09-19 09:44:18
WM-774,20x20x10,2,2024-09-19 09:44:18
FL-643,20x20x5,3,2024-09-19 10:14:21
AZ-011,40x25x10,1,2024-09-19 10:14:21
BR-178,30x30x5,1,2024-09-19 10:14:21
GT-243,30x10x10,5,2024-09-19 10:14:21
GT-243,30x10x10,5,2024-09-19 10:21:17
DG-324,25x25x20,1,2024-09-19 10:21:17
PL-014,40x20x10,1,2024-09-19 10:21:17
GK-874,25x10x5,5,2024-09-19 10:21:17
BR-178,30x30x5,4,2024-09-19 11:37:28
PL-013,30x20x5,5,2024-09-19 11:37:28
DG-324,25x25x20,4,2024-09-19 11:37:28
WM-774,20x20x10,2,2024-09-19 11:58:58
FL-643,20x20x5,2,2024-09-19 11:58:58
DG-324,25x25x20,1,2024-09-19 11:58:58
PL-013,30x20x5,1,2024-09-19 11:58:58
PL-025,40x30x20,2,2024-09-19 11:58:58
WM-774,20x20x10,3,2024-09-19 12:08:25
DG-324,25x25x20,5,2024-09-19 12:08:25
PL-025,40x30x20,5,2024-09-19 12:08:25
PL-025,40x30x20,5,2024-09-19 12:29:03
GT-243,30x10x10,4,2024-09-19 12:29:03
PL-014,40x20x10,1,2024-09-19 12:29:03
GK-874,25x10x5,3,2024-09-19 12:29:03
FE-213,40x20x10,2,2024-09-19 12:29:03
MG-008,50x20x20,2,2024-09-19 13:01:54
BP-896,30x20x10,3,2024-09-19 13:01:54
DG-324,25x25x20,4,2024-09-19 13:01:54
MR-009,40x30x10,3,2024-09-19 13:01:54
BP-896,30x20x10,3,2024-09-19 13:09:42
LV-337,25x25x10,3,2024-09-19 13:09:42
GK-874,25x10x5,3,2024-09-19 13:09:42
DG-324,25x25x20,5,2024-09-19 14:18:21
BR-178,30x30x5,1,2024-09-19 14:18:21
MG-008,50x20x20,2,2024-09-19 14:18:21
FE-213,40x20x10,3,2024-09-19 14:18:21
WM-774,20x20x10,4,2024-09-19 14:44:05
FE-213,40x20x10,4,2024-09-19 14:44:05
GK-874,25x10x5,5,2024-09-19 14:44:05
PL-014,40x20x10,2,2024-09-19 14:45:22
BR-178,30x30x5,5,2024-09-19 14:45:22
GK-874,25x10x5,2,2024-09-19 14:45:22
PL-014,40x20x10,4,2024-09-19 15:12:10
WM-774,20x20x10,5,2024-09-19 15:12:10
BR-178,30x30x5,1,2024-09-19 15:12:10
MR-009,40x30x10,3,2024-09-19 15:18:32
BR-178,30x30x5,5,2024-09-19 15:18:32
PL-013,30x20x5,4,2024-09-19 15:18:32
FE-213,40x20x10,2,2024-09-19 15:18:32
FL-643,20x20x5,2,2024-09-19 15:28:07
BR-178,30x30x5,2,2024-09-19 15:28:07
PL-013,30x20x5,2,2024-09-19 15:28:07
MG-008,50x20x20,2,2024-09-19 15:28:07
MR-009,40x30x10,4,2024-09-19 15:28:07
BP-896,30x20x10,3,2024-09-19 16:15:46
MR-009,40x30x10,2,2024-09-19 16:15:46
FL-643,20x20x5,3,2024-09-19 16:15:46
BR-178,30x30x5,2,2024-09-19 16:15:46
PL-014,40x20x10,1,2024-09-19 17:35:15
MG-008,50x20x20,2,2024-09-19 17:35:15
BP-896,30x20x10,3,2024-09-19 17:35:15
BR-178,30x30x5,4,2024-09-19 17:35:15
FE-213,40x20x10,4,2024-09-19 17:35:15
PL-013,30x20x5,5,2024-09-19 17:55:06
BR-178,30x30x5,1,2024-09-19 17:55:06
DG-324,25x25x20,4,2024-09-19 17:55:06
GK-874,25x10x5,5,2024-09-19 17:55:06
LV-337,25x25x10,4,2024-09-19 18:20:48
WM-774,20x20x10,5,2024-09-19 18:20:48
PL-014,40x20x10,5,2024-09-19 18:20:48
AZ-011,40x25x10,5,2024-09-19 18:20:48
FE-213,40x20x10,1,2024-09-19 18:20:48
FL-643,20x20x5,5,2024-09-19 18:23:11
WM-774,20x20x10,1,2024-09-19 18:23:11
MR-009,40x30x10,5,2024-09-19 18:23:11
PL-025,40x30x20,1,2024-09-19 18:23:11
BP-896,30x20x10,3,2024-09-19 18:50:15
PL-025,40x30x20,5,2024-09-19 18:50:15
DG-324,25x25x20,5,2024-09-19 18:50:15
FL-643,20x20x5,3,2024-09-19 18:50:15
PL-014,40x20x10,1,2024-09-19 18:50:15
PL-013,30x20x5,2,2024-09-19 19:34:20
FL-643,20x20x5,5,2024-09-19 19:34:20
DG-324,25x25x20,2,2024-09-19 19:34:20
BP-896,30x20x10,3,2024-09-19 19:34:20
LV-337,25x25x10,2,2024-09-19 19:34:20
FL-643,20x20x5,4,2024-09-19 20:15:36
PL-014,40x20x10,2,2024-09-19 20:15:36
MG-008,50x20x20,1,2024-09-19 20:15:36
GK-874,25x10x5,1,2024-09-19 20:15:36
PL-013,30x20x5,1,2024-09-19 20:15:36
PL-014,40x20x10,4,2024-09-19 20:29:52
MR-009,40x30x10,2,2024-09-19 20:29:52
PL-025,40x30x20,3,2024-09-19 20:29:52
LV-337,25x25x10,3,2024-09-19 20:29:52
FL-643,20x20x5,4,2024-09-19 20:45:19
DG-324,25x25x20,4,2024-09-19 20:45:19
LV-337,25x25x10,3,2024-09-19 20:45:19
PL-014,40x20x10,2,2024-09-19 20:45:19
GK-874,25x10x5,1,2024-09-19 20:49:34
FE-213,40x20x10,1,2024-09-19 20:49:34
MG-008,50x20x20,2,2024-09-19 20:49:34
FL-643,20x20x5,4,2024-09-19 20:49:34
BP-896,30x20x10,4,2024-09-19 20:49:34
PL-013,30x20x5,5,2024-09-19 21:08:45
FL-643,20x20x5,5,2024-09-19 21:08:45
DG-324,25x25x20,1,2024-09-19 21:08:45
BP-896,30x20x10,3,2024-09-19 21:24:00
GT-243,30x10x10,1,2024-09-19 21:24:00
BR-178,30x30x5,4,2024-09-19 21:24:00
FL-643,20x20x5,2,2024-09-19 21:24:00
MR-009,40x30x10,4,2024-09-19 21:24:00
BP-896,30x20x10,5,2024-09-19 22:35:09
FE-213,40x20x10,5,2024-09-19 22:35:09
PL-013,30x20x5,5,2024-09-19 22:35:09
WM-774,20x20x10,2,2024-09-19 22:35:09
PL-025,40x30x20,2,2024-09-19 22:35:09
MR-009,40x30x10,5,2024-09-19 22:41:59
GK-874,25x10x5,5,2024-09-19 22:41:59
BR-178,30x30x5,4,2024-09-19 22:41:59
FL-643,20x20x5,5,2024-09-19 23:03:58
BR-178,30x30x5,5,2024-09-19 23:03:58
PL-013,30x20x5,2,2024-09-19 23:03:58
GK-874,25x10x5,1,2024-09-19 23:03:58
GT-243,30x10x10,4,2024-09-20 00:47:19
PL-025,40x30x20,3,2024-09-20 00:47:19
GK-874,25x10x5,5,2024-09-20 00:47:19
PL-013,30x20x5,3,2024-09-20 00:47:19
GK-874,25x10x5,3,2024-09-20 01:09:49
DG-324,25x25x20,4,2024-09-20 01:09:49
WM-774,20x20x10,5,2024-09-20 01:09:49
FL-643,20x20x5,1,2024-09-20 02:53:02
PL-025,40x30x20,1,2024-09-20 02:53:02
BR-178,30x30x5,5,2024-09-20 02:53:02
PL-014,40x20x10,5,2024-09-20 03:17:48
FL-643,20x20x5,1,2024-09-20 03:17:48
PL-025,40x30x20,2,2024-09-20 03:17:48
MR-009,40x30x10,2,2024-09-20 03:17:48
MG-008,50x20x20,5,2024-09-20 03:17:48
PL-013,30x20x5,5,2024-09-20 03:22:37
WM-774,20x20x10,5,2024-09-20 03:22:37
AZ-011,40x25x10,3,2024-09-20 03:22:37
AZ-011,40x25x10,1,2024-09-20 03:23:34
GK-874,25x10x5,1,2024-09-20 03:23:34
LV-337,25x25x10,5,2024-09-20 03:23:34
GT-243,30x10x10,5,2024-09-20 03:23:34
PL-025,40x30x20,2,2024-09-20 03:23:34
PL-025,40x30x20,3,2024-09-20 03:38:42
LV-337,25x25x10,3,2024-09-20 03:38:42
MR-009,40x30x10,4,2024-09-20 03:38:42
WM-774,20x20x10,3,2024-09-20 03:58:54
FE-213,40x20x10,3,2024-09-20 03:58:54
AZ-011,40x25x10,1,2024-09-20 03:58:54
BR-178,30x30x5,2,2024-09-20 03:58:54
LV-337,25x25x10,3,2024-09-20 03:58:54
BP-896,30x20x10,4,2024-09-20 05:17:56
MG-008,50x20x20,4,2024-09-20 05:17:56
PL-013,30x20x5,3,2024-09-20 05:17:56
GK-874,25x10x5,2,2024-09-20 05:17:56
WM-774,20x20x10,1,2024-09-20 05:17:56
PL-014,40x20x10,1,2024-09-20 05:35:50
GT-243,30x10x10,3,2024-09-20 05:35:50
AZ-011,40x25x10,5,2024-09-20 05:35:50
PL-013,30x20x5,1,2024-09-20 07:07:56
WM-774,20x20x10,3,2024-09-20 07:07:56
FL-643,20x20x5,3,2024-09-20 07:07:56
AZ-011,40x25x10,1,2024-09-20 07:07:56
GK-874,25x10x5,1,2024-09-20 07:09:10
MR-009,40x30x10,5,2024-09-20 07:09:10
WM-774,20x20x10,3,2024-09-20 07:09:10
PL-013,30x20x5,4,2024-09-20 07:09:10
FE-213,40x20x10,1,2024-09-20 07:31:47
WM-774,20x20x10,1,2024-09-20 07:31:47
PL-025,40x30x20,1,2024-09-20 07:31:47
GK-874,25x10x5,2,2024-09-20 07:31:47
FE-213,40x20x10,4,2024-09-20 07:34:32
MR-009,40x30x10,5,2024-09-20 07:34:32
BR-178,30x30x5,4,2024-09-20 07:34:32
PL-025,40x30x20,4,2024-09-20 08:11:07
PL-014,40x20x10,2,2024-09-20 08:11:07
AZ-011,40x25x10,3,2024-09-20 08:11:07
GT-243,30x10x10,5,2024-09-20 08:11:07
BP-896,30x20x10,1,2024-09-20 08:11:07
GT-243,30x10x10,1,2024-09-20 08:53:00
PL-025,40x30x20,5,2024-09-20 08:53:00
MR-009,40x30x10,1,2024-09-20 08:53:00
LV-337,25x25x10,2,2024-09-20 08:53:00
GT-243,30x10x10,5,2024-09-20 09:18:38
WM-774,20x20x10,4,2024-09-20 09:18:38
PL-025,40x30x20,2,2024-09-20 09:18:38
BP-896,30x20x10,5,2024-09-20 09:18:38
PL-014,40x20x10,2,2024-09-20 11:08:15
AZ-011,40x25x10,1,2024-09-20 11:08:15
BR-178,30x30x5,1,2024-09-20 11:08:15
PL-025,40x30x20,1,2024-09-20 12:45:55
FL-643,20x20x5,4,2024-09-20 12:45:55
DG-324,25x25x20,3,2024-09-20 12:45:55
MR-009,40x30x10,3,2024-09-20 12:45:55
PL-013,30x20x5,2,2024-09-20 13:00:28
AZ-011,40x25x10,3,2024-09-20 13:00:28
GK-874,25x10x5,5,2024-09-20 13:00:28
MR-009,40x30x10,2,2024-09-20 13:00:28
LV-337,25x25x10,5,2024-09-20 13:00:28
FL-643,20x20x5,5,2024-09-20 13:20:42
BP-896,30x20x10,3,2024-09-20 13:20:42
PL-025,40x30x20,4,2024-09-20 13:20:42
BR-178,30x30x5,4,2024-09-20 13:20:42
FE-213,40x20x10,4,2024-09-20 13:20:42
PL-025,40x30x20,3,2024-09-20 13:24:09
LV-337,25x25x10,3,2024-09-20 13:24:09
DG-324,25x25x20,4,2024-09-20 13:24:09
FE-213,40x20x10,1,2024-09-20 14:20:47
WM-774,20x20x10,3,2024-09-20 14:20:47
DG-324,25x25x20,2,2024-09-20 14:20:47
AZ-011,40x25x10,1,2024-09-20 14:30:10
FE-213,40x20x10,3,2024-09-20 14:30:10
GK-874,25x10x5,4,2024-09-20 14:30:10
WM-774,20x20x10,1,2024-09-20 14:30:10
GT-243,30x10x10,3,2024-09-20 14:30:10
FE-213,40x20x10,4,2024-09-20 15:29:35
DG-324,25x25x20,2,2024-09-20 15:29:35
FL-643,20x20x5,2,2024-09-20 15:29:35
GK-874,25x10x5,2,2024-09-20 15:29:35
FE-213,40x20x10,5,2024-09-20 15:41:16
MG-008,50x20x20,1,2024-09-20 15:41:16
LV-337,25x25x10,4,2024-09-20 15:41:16
GT-243,30x10x10,2,2024-09-20 15:41:16
GK-874,25x10x5,2,2024-09-20 16:21:29
DG-324,25x25x20,4,2024-09-20 16:21:29
BP-896,30x20x10,1,2024-09-20 16:21:29
MR-009,40x30x10,4,2024-09-20 16:21:29
MR-009,40x30x10,2,2024-09-20 16:39:57
PL-013,30x20x5,3,2024-09-20 16:39:57
GT-243,30x10x10,2,2024-09-20 16:39:57
GT-243,30x10x10,2,2024-09-20 17:37:49
DG-324,25x25x20,1,2024-09-20 17:37:49
PL-014,40x20x10,3,2024-09-20 17:37:49
PL-025,40x30x20,2,2024-09-20 18:36:09
BR-178,30x30x5,2,2024-09-20 18:36:09
MG-008,50x20x20,2,2024-09-20 18:36:09
MR-009,40x30x10,1,2024-09-20 18:50:09
BR-178,30x30x5,5,2024-09-20 18:50:09
AZ-011,40x25x10,1,2024-09-20 18:50:09
MG-008,50x20x20,3,2024-09-20 18:54:45
WM-774,20x20x10,2,2024-09-20 18:54:45
BP-896,30x20x10,2,2024-09-20 18:54:45
MR-009,40x30x10,1,2024-09-20 19:40:28
LV-337,25x25x10,4,2024-09-20 19:40:28
PL-013,30x20x5,4,2024-09-20 19:40:28
PL-014,40x20x10,3,2024-09-20 20:02:35
MG-008,50x20x20,1,2024-09-20 20:02:35
LV-337,25x25x10,3,2024-09-20 20:02:35
MR-009,40x30x10,3,2024-09-20 21:18:12
FL-643,20x20x5,4,2024-09-20 21:18:12
PL-025,40x30x20,4,2024-09-20 21:18:12
GT-243,30x10x10,4,2024-09-20 21:54:23
PL-014,40x20x10,1,2024-09-20 21:54:23
BR-178,30x30x5,4,2024-09-20 21:54:23
LV-337,25x25x10,4,2024-09-20 21:54:23
PL-013,30x20x5,5,2024-09-20 21:54:23
PL-025,40x30x20,2,2024-09-20 22:40:42
MG-008,50x20x20,1,2024-09-20 22:40:42
MR-009,40x30x10,3,2024-09-20 22:40:42
MG-008,50x20x20,5,2024-09-20 22:46:28
PL-025,40x30x20,1,2024-09-20 22:46:28
MR-009,40x30x10,5,2024-09-20 22:46:28
WM-774,20x20x10,5,2024-09-20 22:46:28
AZ-011,40x25x10,2,2024-09-20 22:46:28
PL-013,30x20x5,5,2024-09-20 23:47:40
PL-014,40x20x10,3,2024-09-20 23:47:40
FL-643,20x20x5,3,2024-09-20 23:47:40
